#path	mtime
"/group/nu/ninja/work/otani/FROST_beamdata/e71c/rootfile_aftercalib/run00003_90000_99999_lightyield.root"	1764070070
"/group/nu/ninja/work/otani/FROST_beamdata/e71c/rootfile_aftercalib/run00003_50000_59999_lightyield.root"	1763988982
"/group/nu/ninja/work/otani/FROST_beamdata/e71c/rootfile_aftercalib/run00003_80000_89999_lightyield.root"	1764057015
"/group/nu/ninja/work/otani/FROST_beamdata/e71c/rootfile_aftercalib/run00003_30000_39999_lightyield.root"	1763959811
"/group/nu/ninja/work/otani/FROST_beamdata/e71c/rootfile_aftercalib/run00003_60000_69999_lightyield.root"	1764019680
"/group/nu/ninja/work/otani/FROST_beamdata/e71c/rootfile_aftercalib/run00003_10000_19999_lightyield.root"	1763957886
"/group/nu/ninja/work/otani/FROST_beamdata/e71c/rootfile_aftercalib/run00003_0_9999_lightyield.root"	1763944771
"/group/nu/ninja/work/otani/FROST_beamdata/e71c/rootfile_aftercalib/run00003_70000_79999_lightyield.root"	1764042998
"/group/nu/ninja/work/otani/FROST_beamdata/e71c/rootfile_aftercalib/run00003_20000_29999_lightyield.root"	1763958758
"/group/nu/ninja/work/otani/FROST_beamdata/e71c/rootfile_aftercalib/run00003_40000_49999_lightyield.root"	1763965185
